{
    "version": 1,
    "author": "Choiriatuzzahra",
    "editor": "wokwi",
    "parts": [
      { "type": "board-esp32-devkit-c-v4", "id": "esp", "top": 0, "left": 0, "attrs": {} },
      { "type": "wokwi-relay-module", "id": "relay1", "top": -76.6, "left": 201.6, "attrs": {} },
      {
        "type": "wokwi-pushbutton",
        "id": "btn1",
        "top": 83,
        "left": 192,
        "attrs": { "color": "green", "xray": "1" }
      },
      {
        "type": "wokwi-led",
        "id": "led1",
        "top": 159.6,
        "left": 147.8,
        "attrs": { "color": "red" }
      }
    ],
    "connections": [
      [ "esp:TX", "$serialMonitor:RX", "", [] ],
      [ "esp:RX", "$serialMonitor:TX", "", [] ],
      [ "esp:3V3", "relay1:VCC", "green", [ "h0" ] ],
      [ "esp:GND.2", "relay1:GND", "black", [ "v0" ] ],
      [ "esp:23", "relay1:IN", "green", [ "h0" ] ],
      [ "esp:19", "btn1:1.l", "green", [ "h0" ] ],
      [ "esp:18", "led1:A", "green", [ "h0" ] ],
      [ "led1:C", "esp:GND.2", "green", [ "v-96", "h-57.2" ] ],
      [ "btn1:2.l", "esp:GND.2", "green", [ "h0" ] ]
    ],
    "dependencies": {}
  }