{
    "version": 1,
    "author": "Choiriatuzzahra",
    "editor": "wokwi",
    "parts": [
      { "type": "board-esp32-devkit-c-v4", "id": "esp", "top": 0, "left": 0, "attrs": {} },
      { "type": "wokwi-dht22", "id": "dht1", "top": -38.1, "left": -139.8, "attrs": {} }
    ],
    "connections": [
      [ "esp:TX", "$serialMonitor:RX", "", [] ],
      [ "esp:RX", "$serialMonitor:TX", "", [] ],
      [ "dht1:VCC", "esp:3V3", "red", [ "h86.4", "v-76.8" ] ],
      [ "dht1:SDA", "esp:27", "green", [ "v19.2", "h134.5" ] ],
      [ "dht1:GND", "esp:GND.1", "black", [ "v48", "h115.2" ] ]
    ],
    "dependencies": {}
  }